Name,Phone
Acuna,5753094087
Arguello,6929963841
Ascher,1456032778
Autin,4235810384
Barr,6284691582
Beene,2130077630
Boyster,6321222854
Branam,7984511720
Brissette,22091008
Brust,2561058706
Bussiere,9690985135
Canez,2398362872
Caro,1421478556
Casebeer,666740338
Cerutti,1840308050
Ciancio,627324730
Cogdill,2999195601
Colligan,6886271934
Cumberbatch,7192858852
Cutsforth,7222810176
Dease,9831027
Delamora,1604415093
Delgiudice,7828710722
Dugan,1864496526
Easterling,1363238416
Espey,6624409250
Fernandez,1648115820
Fetter,9575271422
Flemming,9112869100
Foraker,9802220047
Gaeth,9205337313
Gaspar,3882223406
Geer,4186059811
Genao,4125809902
Ghee,5402396312
Greggs,3279631324
Haight,3147055899
Hansell,8214041514
Harbin,3848461627
Anirudha,9820042597
Adam,9820042590
Natasha,999999999
Naruto,9820042599
Kratos,98200456663
Kabir ,9820034567
